video_id,sampled_hashtag
7567537955829484830,anime
7567537564291173645,anime
7567534619084606734,anime
7567534617406885133,anime
7567534310304124174,anime
7567533732790275359,anime
7567532822546746637,anime
7567532405125434637,anime
7567532120382459167,anime
7567532077004918046,anime
7567531858766859533,anime
7567531746724449591,anime
7567531668555287822,anime
7567531542902295839,anime
7567531412891503886,anime
7567530949240573215,anime
7567530818638220574,anime
7567530590992485663,anime
7567530372502785310,anime
7567530256341470495,anime
7567529888979160375,anime
7567529763061976351,anime
7567529618085858573,anime
7567529577044544798,anime
7567529232197307679,anime
7567529107043421470,anime
7567528953016077598,anime
7567528474110364959,anime
7567528338126834975,anime
7567527820734352670,anime
7578671757230443790,anime
7578670517746552095,anime
7578670257808723255,anime
7578669383262801183,anime
7578668909142838583,anime
7578668831481007373,anime
7578668038912822542,anime
7578667797526383927,anime
7578666329314430222,anime
7578666119007948046,anime
7578665961738276109,anime
7578665134395051294,anime
7578664278601813262,anime
7578664046682000654,anime
7578663270341561655,anime
7578663051491085581,anime
7578663009363578126,anime
7578662622355131679,anime
7578662224324037901,anime
7578662219198549279,anime
7578661851152600333,anime
7578661486936034573,anime
7578661464307780919,anime
7578661339866893598,anime
7578661265929735454,anime
7578661241594318110,anime
7578660545339952415,anime
7578660326015601933,anime
7578660180959710478,anime
7578659979482172702,anime
7590175145512226062,anime
7590174721719717133,anime
7590174555063225630,anime
7590174034017438989,anime
7590173859089796382,anime
7590173658023218487,anime
7590173655343189279,anime
7590172830419979533,anime
7590171756829183287,anime
7590171047891127607,anime
7590170874779634957,anime
7590170858052668703,anime
7590170437946969374,anime
7590170061835423031,anime
7590169760059395342,anime
7590169705353121055,anime
7590169472900599071,anime
7590169401891114270,anime
7590168854186265911,anime
7590168840621935902,anime
7590168788218154270,anime
7590168784225258782,anime
7590168623373683999,anime
7590168170246245645,anime
7590167610935889165,anime
7590167567914781966,anime
7590167417142152478,anime
7590166827737697550,anime
7590166258339958046,anime
7590166065104145695,anime
7601679366829002039,anime
7601679042844085535,anime
7601678370765540621,anime
7601677926643354910,anime
7601677518202015031,anime
7601676642255179063,anime
7601675798860336397,anime
7601675361243483447,anime
7601674815249943822,anime
7601674670215089439,anime
7601674485250411806,anime
7601674414765198623,anime
7601674065367108878,anime
7601673913336122638,anime
7601673544610680077,anime
7601673210895076638,anime
7601673042137337118,anime
7601672888613178637,anime
7601672884838321422,anime
7601672757306297630,anime
7601671614970858807,anime
7601671359990615326,anime
7601671263261691166,anime
7601670974328622391,anime
7601670335620041997,anime
7601669640015596831,anime
7601669369755651359,anime
7601669240185163021,anime
7601669021095759135,anime
7601668693868727583,anime
7567539435068214558,basketball
7567538900944702775,basketball
7567538762121514271,basketball
7567536230301191455,basketball
7567536146385833271,basketball
7567535352185916727,basketball
7567534580454935838,basketball
7567533030491835661,basketball
7567532626295278862,basketball
7567532089797578015,basketball
7567531715468528927,basketball
7567531517262515469,basketball
7567531509322681614,basketball
7567531331870002446,basketball
7567530705597582623,basketball
7567528719431011614,basketball
7567528059763461407,basketball
7567527730179230990,basketball
7567527553347390751,basketball
7567527009497156894,basketball
7567526798217497869,basketball
7567526650926075166,basketball
7567526031859584311,basketball
7567525291371891982,basketball
7567525209918557471,basketball
7567523826997955871,basketball
7567523685305797919,basketball
7567523192416324877,basketball
7567523138066599198,basketball
7567522947183693111,basketball
7578671364639345951,basketball
7578670233855053069,basketball
7578670187923131662,basketball
7578669740164402446,basketball
7578669458965810445,basketball
7578669330343152927,basketball
7578668763654999351,basketball
7578668762593824031,basketball
7578668462810221854,basketball
7578668180881657102,basketball
7578667661643484447,basketball
7578666829460065567,basketball
7578666512391867703,basketball
7578666236444216607,basketball
7578665387882007821,basketball
7578663344664481054,basketball
7578663255107783991,basketball
7578661261894765854,basketball
7578661217351372046,basketball
7578659168748375309,basketball
7578658248128056607,basketball
7578658245062003998,basketball
7578657594676350239,basketball
7578657475356888333,basketball
7578657384659160375,basketball
7578657038125780255,basketball
7578656761654119693,basketball
7578656547367128375,basketball
7578656375375449357,basketball
7578655939675442463,basketball
7590174159582317855,basketball
7590174042238291213,basketball
7590173012985384223,basketball
7590171775300947255,basketball
7590171749371743518,basketball
7590171192510713143,basketball
7590170948054125838,basketball
7590169446384192798,basketball
7590169159992937758,basketball
7590169062659968311,basketball
7590167034617515295,basketball
7590166979449802014,basketball
7590166912630410526,basketball
7590166853947804959,basketball
7590166501001415991,basketball
7590166326681799991,basketball
7590165889824181535,basketball
7590165668864085279,basketball
7590165660613741855,basketball
7590165098191129911,basketball
7590164133954260237,basketball
7590163641236802846,basketball
7590163276407885111,basketball
7590162454517402894,basketball
7590161905717759263,basketball
7590161470667721997,basketball
7590160816935111967,basketball
7590160354114686239,basketball
7590159567133084942,basketball
7590159025791094046,basketball
7601679453013495070,basketball
7601679168572607758,basketball
7601678621526297911,basketball
7601677992082951455,basketball
7601677686758493470,basketball
7601677327696727326,basketball
7601677049773788446,basketball
7601676621485067534,basketball
7601676238188547359,basketball
7601676183930998047,basketball
7601676070361779469,basketball
7601675762302848269,basketball
7601675253152042270,basketball
7601675111762087198,basketball
7601674864138784014,basketball
7601674652259339534,basketball
7601674651369999630,basketball
7601674170740608270,basketball
7601674103992356127,basketball
7601673713855073549,basketball
7601673581235359006,basketball
7601673030523309342,basketball
7601673018691046686,basketball
7601672774175706381,basketball
7601672711370181918,basketball
7601672510874373431,basketball
7601672471607102751,basketball
7601671941736500493,basketball
7601671922966859038,basketball
7601671710156328223,basketball
7567539464721993015,booktok
7567539142960221470,booktok
7567538929575005453,booktok
7567538844191558942,booktok
7567538120703413534,booktok
7567537634797423886,booktok
7567537183666572575,booktok
7567536363508190495,booktok
7567536325516119309,booktok
7567536188798618894,booktok
7567535833167842573,booktok
7567535677785623838,booktok
7567534986396552478,booktok
7567534884588211470,booktok
7567534705218702622,booktok
7567534267324992799,booktok
7567534194218355999,booktok
7567533597498936589,booktok
7567533596337098014,booktok
7567533501252193549,booktok
7567533214001106190,booktok
7567533034837232927,booktok
7567532731245071647,booktok
7567532718372801847,booktok
7567532591432256799,booktok
7567532412524186894,booktok
7567531868342586655,booktok
7567531842849557790,booktok
7567531285963377951,booktok
7567530813441477919,booktok
7578671843188509983,booktok
7578671052616764686,booktok
7578670677075479838,booktok
7578670634280979742,booktok
7578670583773154590,booktok
7578670574818315550,booktok
7578670439925353758,booktok
7578670185666661663,booktok
7578670183582059806,booktok
7578670129903340814,booktok
7578669597730032910,booktok
7578669462556019982,booktok
7578669296126020919,booktok
7578669239389785358,booktok
7578668299769105695,booktok
7578668240377810206,booktok
7578668150976236830,booktok
7578668013717671199,booktok
7578668009116519710,booktok
7578667712713362719,booktok
7578667640399383839,booktok
7578667471805222199,booktok
7578667348073123103,booktok
7578667347184012575,booktok
7578666973182135583,booktok
7578666922208660791,booktok
7578666896631827726,booktok
7578671143008193805,booktok
7578666410805579039,booktok
7578666327900949790,booktok
7590175556864363807,booktok
7590174885373087007,booktok
7590174746608782623,booktok
7590174685111897358,booktok
7590174600084999479,booktok
7590174340776250638,booktok
7590174061104205069,booktok
7590174040996744478,booktok
7590174016242044215,booktok
7590173689832885534,booktok
7590173367978708279,booktok
7590173261422415135,booktok
7590172938083585293,booktok
7590172926108912926,booktok
7590172542699146551,booktok
7590172040263388447,booktok
7590171968419253517,booktok
7590171857693756727,booktok
7590171454851845406,booktok
7590171328322325774,booktok
7590171202514210061,booktok
7590171067130416415,booktok
7590171006598139150,booktok
7590170997945306398,booktok
7590170997156760845,booktok
7590170959194230046,booktok
7590170913568492855,booktok
7590170772103122189,booktok
7590170479810383135,booktok
7590170227929910541,booktok
7601678925227445535,booktok
7601678874153372941,booktok
7601678855996263711,booktok
7601678812065189151,booktok
7601678689138396447,booktok
7601678535152913678,booktok
7601678454261697823,booktok
7601678052715662622,booktok
7601677999821311262,booktok
7601677604504079629,booktok
7601677290866511118,booktok
7601677187887959309,booktok
7601676823033842999,booktok
7601676688367422750,booktok
7601676253984279863,booktok
7601676102796430623,booktok
7601676097318620447,booktok
7601676077936807182,booktok
7601675893408271629,booktok
7601675812336635149,booktok
7601675718061280543,booktok
7601674751060266254,booktok
7601674327930440991,booktok
7601673838287506743,booktok
7601673754833407287,booktok
7601673722486951198,booktok
7601673720511352094,booktok
7601673509235969310,booktok
7601673323294067998,booktok
7601673129907260686,booktok
7567528350713924895,craft
7567515707060145421,craft
7567504232291552526,craft
7567500007230819598,craft
7567498996340591885,craft
7567492300943805709,craft
7567485189337681183,craft
7567482068846890295,craft
7567480468682149134,craft
7567470026958163231,craft
7567456252775681310,craft
7567455321724046623,craft
7567442719321165070,craft
7567439804481228063,craft
7567438693418487054,craft
7567438010166365495,craft
7567435882651864333,craft
7567430852737600782,craft
7567420608695340318,craft
7567419558097718542,craft
7567417397875903775,craft
7567417209023139127,craft
7567416587439983885,craft
7567415736285596983,craft
7567414234519194911,craft
7567412233437793591,craft
7567410513882271007,craft
7567410496421252407,craft
7567409171633556749,craft
7567405838818725134,craft
7578665773028150558,craft
7578662300375125279,craft
7578661016310009102,craft
7578658334836804877,craft
7578651303149194526,craft
7578647817179155726,craft
7578643836327431437,craft
7578643233924828429,craft
7578640118412610871,craft
7578636412786904334,craft
7578629627329973517,craft
7578629218112687374,craft
7578625676845092110,craft
7578622825053900063,craft
7578619803116506398,craft
7578618269964258573,craft
7578616826020646158,craft
7578616779681959198,craft
7578608115550031159,craft
7578604719053049118,craft
7578604526194658590,craft
7578602438614125837,craft
7578601658351963405,craft
7578599631920123150,craft
7578598209862257950,craft
7578592566380072223,craft
7578592372192218398,craft
7578588606462168375,craft
7578583821780585759,craft
7578582594405682445,craft
7590172908316609823,craft
7590170917943217463,craft
7590168130983447838,craft
7590166193470786829,craft
7590164292691889438,craft
7590154012809252109,craft
7590150705852239135,craft
7590138486020246797,craft
7590136607181688119,craft
7590134555277937934,craft
7590118341319200013,craft
7590118017913179405,craft
7590117130054454542,craft
7590116348521368863,craft
7590114031206288671,craft
7590105618212457758,craft
7590095963218398478,craft
7590095873179208991,craft
7590082726556962078,craft
7590082681073929503,craft
7590080936801357086,craft
7590080556545608973,craft
7590076185254677790,craft
7590067950128844087,craft
7590063324893596942,craft
7590055546896600351,craft
7590047051111582990,craft
7590043206918638879,craft
7590042184976452895,craft
7590037523334778143,craft
7601675614902291743,craft
7601674943880858894,craft
7601669723792674062,craft
7601663015158648094,craft
7601661267618680094,craft
7601649858084195639,craft
7601641323036282167,craft
7601634346717449503,craft
7601632070900649246,craft
7601631157750402335,craft
7601629472638389535,craft
7601628954751028493,craft
7601621840347385101,craft
7601618257908337951,craft
7601605089148570911,craft
7601604332722588958,craft
7601603917469814030,craft
7601600791022963998,craft
7601600563108646174,craft
7601598863182400782,craft
7601598389981121847,craft
7601597951118445854,craft
7601597412813049101,craft
7601590577267854622,craft
7601590106784419127,craft
7601586228923862327,craft
7601582939872316703,craft
7601582449948216631,craft
7601576995079736590,craft
7601574237119270158,craft
7567532824132193567,dance
7567531826604936478,dance
7567530478081707295,dance
7567529612830313758,dance
7567528988189412663,dance
7567525399710666039,dance
7567523252277447950,dance
7567519983488552222,dance
7567517280779685150,dance
7567516845616401695,dance
7567516275543526669,dance
7567516040599522590,dance
7567515244117953823,dance
7567512837103340830,dance
7567511230080896287,dance
7567510880292719902,dance
7567510626466106637,dance
7567509214994697502,dance
7567508584955727118,dance
7567508423311412535,dance
7567508169937751309,dance
7567507655342771486,dance
7567506826955197709,dance
7567503984668265742,dance
7567503712298519863,dance
7567503578215075127,dance
7567501535735729439,dance
7567501479867600142,dance
7567501477539843342,dance
7567500992233753886,dance
7578668647028182286,dance
7578667452951760141,dance
7578665819744242974,dance
7578665739817717023,dance
7578664850478337294,dance
7578663402789244191,dance
7578662735605402911,dance
7578661430551923981,dance
7578660365228084510,dance
7578659120543239454,dance
7578658513925295391,dance
7578658057488534797,dance
7578657573277093134,dance
7578657420273093919,dance
7578655745474858270,dance
7578654295193668878,dance
7578653495083928862,dance
7578650635617307935,dance
7578650477584223519,dance
7578650468281240863,dance
7578650282373041438,dance
7578649350050499871,dance
7578648583491112206,dance
7578647815094537485,dance
7578647709368749343,dance
7578647245411667231,dance
7578646306151877902,dance
7578643683038350606,dance
7578642890717433102,dance
7578641731147681055,dance
7590174870860778807,dance
7590171040274255159,dance
7590170771943738637,dance
7590163427453177101,dance
7590163386223168798,dance
7590161975645162782,dance
7590160928172166430,dance
7590160861050703118,dance
7590160593181625614,dance
7590159679376969015,dance
7590159102412721421,dance
7590158434771701022,dance
7590158133687749918,dance
7590157170147216653,dance
7590156640452627742,dance
7590155618959265054,dance
7590155577850858765,dance
7590155143576833294,dance
7590154995094359326,dance
7590154729301249311,dance
7590154726981799198,dance
7590154324102155534,dance
7590154211707391263,dance
7590154163359730974,dance
7590153926540889357,dance
7590153903640038711,dance
7590153330916216077,dance
7590152517594418487,dance
7590152511416208654,dance
7590151829414104351,dance
7601676020370001183,dance
7601675967270047006,dance
7601673255287524638,dance
7601671101323709709,dance
7601670614264466718,dance
7601670557834251550,dance
7601670171039698207,dance
7601669655744220447,dance
7601669010479992077,dance
7601668874685140255,dance
7601668846512098591,dance
7601668098617363767,dance
7601667673189010702,dance
7601667632994979086,dance
7601666970362154270,dance
7601666372753509663,dance
7601665871475379511,dance
7601665648497839374,dance
7601665210293734670,dance
7601664835885026591,dance
7601664072416906551,dance
7601663904334220574,dance
7601663530693135629,dance
7601663358823091487,dance
7601663253827046687,dance
7601662771998067981,dance
7601666363597393166,dance
7567539235847294222,dogs
7567537752930012429,dogs
7567534847401544974,dogs
7567534573958073614,dogs
7567533900847729951,dogs
7567532710084758839,dogs
7567532431608188215,dogs
7567531506411900173,dogs
7567529413324082463,dogs
7567529347045723447,dogs
7567528246384807199,dogs
7567527337881865502,dogs
7567526022627855646,dogs
7567525932009803022,dogs
7567525644523900173,dogs
7567523969901858061,dogs
7567523758328548622,dogs
7567523692817763615,dogs
7567523586936802574,dogs
7567522535294700831,dogs
7567519227326811447,dogs
7567518039013330231,dogs
7567516940709776670,dogs
7567516466111581470,dogs
7567515645861055775,dogs
7567515320424959263,dogs
7567512937552760119,dogs
7567512534693973262,dogs
7567510583579299103,dogs
7567508812404378893,dogs
7578669279558585630,dogs
7578667984432975135,dogs
7578667131869334839,dogs
7578666973987409183,dogs
7578662274534018359,dogs
7578659192085515533,dogs
7578658577947118861,dogs
7578656773020732685,dogs
7578653967647902990,dogs
7578653565049130270,dogs
7578653221183409439,dogs
7578653105408003358,dogs
7578651825100868894,dogs
7578651051537059086,dogs
7578650678151695646,dogs
7578650323099602206,dogs
7578649586416274702,dogs
7578646546854595870,dogs
7578645674368060703,dogs
7578645128735132941,dogs
7578643598967606558,dogs
7578643486577151246,dogs
7578643184071298334,dogs
7578642725294165261,dogs
7578642468376268087,dogs
7578642230924070157,dogs
7578641718103362871,dogs
7578641444596976926,dogs
7578641258231500087,dogs
7578639219959024926,dogs
7590172561623764255,dogs
7590172143229422878,dogs
7590171726730808589,dogs
7590171621789306143,dogs
7590168354925628686,dogs
7590164728559848759,dogs
7590163373627559181,dogs
7590162927177501983,dogs
7590162498318290231,dogs
7590162450574593293,dogs
7590162235528432910,dogs
7590161968556756237,dogs
7590161922587233566,dogs
7590160264541080845,dogs
7590159689908784415,dogs
7590159623894633759,dogs
7590158535393119502,dogs
7590154235916864781,dogs
7590153462189526327,dogs
7590152677472996638,dogs
7590150931921030413,dogs
7590148685774802206,dogs
7590148645106830623,dogs
7590148606053682463,dogs
7590148517214113037,dogs
7590147337775762702,dogs
7590147031595765047,dogs
7590146973345385741,dogs
7590145931631267085,dogs
7590145738605120781,dogs
7601678881900219678,dogs
7601678271431937310,dogs
7601676523665427767,dogs
7601676343398386974,dogs
7601676070542265655,dogs
7601675917735316749,dogs
7601674605698370846,dogs
7601674570998811917,dogs
7601673860961815839,dogs
7601671623137053983,dogs
7601670499168439565,dogs
7601670338115652895,dogs
7601669359055965495,dogs
7601669160371883294,dogs
7601667067271564599,dogs
7601666117333011726,dogs
7601662575302036750,dogs
7601662498940423455,dogs
7601662301325872439,dogs
7601661552789425438,dogs
7601661464138550583,dogs
7601660118110965022,dogs
7601660080479653150,dogs
7601659227630783799,dogs
7601657774925155597,dogs
7601656961720929549,dogs
7601656527081999671,dogs
7601656201025178935,dogs
7601656044531518751,dogs
7601655268174204190,dogs
7567538676134137119,food
7567538260805750046,food
7567537953610698014,food
7567537608201424159,food
7567537044751224094,food
7567536709492051214,food
7567536637526150430,food
7567536198445550878,food
7567535325145353485,food
7567535195667074335,food
7567534249956363533,food
7567534070066973982,food
7567533636002663694,food
7567532793543068959,food
7567532724978732319,food
7567532710105828621,food
7567532671165844791,food
7567532593227336973,food
7567532210937416991,food
7567532030624304397,food
7567531839988993294,food
7567530444808391966,food
7567528852809944375,food
7567528084497370398,food
7567528034090143006,food
7567527463979470111,food
7567527424066407694,food
7567526966501346591,food
7567526827430776094,food
7567526533653400862,food
7578671873559432461,food
7578671510014020877,food
7578671486324444430,food
7578671448366140703,food
7578671172263496973,food
7578670538118270238,food
7578670378373942542,food
7578670100534824222,food
7578669992955104525,food
7578669475747122446,food
7578669420831165726,food
7578669220632874295,food
7578667620740730143,food
7578667520610110775,food
7578666921881570615,food
7578666892399775007,food
7578666750254779679,food
7578665959880166687,food
7578665795463515406,food
7578665646976699678,food
7578664943868710157,food
7578664551319751966,food
7578664041514601741,food
7578663789575408926,food
7578663748810968333,food
7578663614945512735,food
7578663402608938253,food
7578663382769831199,food
7578663327191158071,food
7578663267690745101,food
7590175570424614175,food
7590174707639422222,food
7590174691256552735,food
7590174043345653006,food
7590174001964666125,food
7590173926567824695,food
7590173395304664351,food
7590172343532555551,food
7590171699555912973,food
7590171133257829687,food
7590170651504151838,food
7590169496673963295,food
7590169006749912333,food
7590168688863612191,food
7590168650833726751,food
7590167810999848205,food
7590167123448597791,food
7590167020671405326,food
7590166619075120415,food
7590166617359650061,food
7590166332147010871,food
7590165987455012110,food
7590165790360423735,food
7590165753333075214,food
7590165723217972511,food
7590165317540678943,food
7590165190033853726,food
7590163486391487757,food
7590163255641787703,food
7590163128999021837,food
7601679569111780638,food
7601678794222570782,food
7601678448309849399,food
7601678422087142669,food
7601676875517267255,food
7601676796504886559,food
7601676741148560653,food
7601676661225966862,food
7601676647213059342,food
7601676413267135774,food
7601675488519539999,food
7601675406609075469,food
7601674311916703007,food
7601674306896039199,food
7601674167120956703,food
7601673916771306765,food
7601673582850149687,food
7601673487387790605,food
7601672509141912887,food
7601672464250211615,food
7601672322621230391,food
7601671974678482231,food
7601671951605566734,food
7601671850543811871,food
7601671769056873783,food
7601671284174474527,food
7601671180575198478,food
7601670609004711199,food
7601670133135756574,food
7601670019482783031,food
7567537984090787102,funnyvideos
7567537351694535966,funnyvideos
7567536584644463903,funnyvideos
7567536080287698231,funnyvideos
7567536029104704781,funnyvideos
7567534918524210446,funnyvideos
7567534781106359565,funnyvideos
7567533900847729951,funnyvideos
7567533619439324429,funnyvideos
7567533144614767886,funnyvideos
7567531198357032223,funnyvideos
7567530581609729293,funnyvideos
7567529420135648543,funnyvideos
7567529183254039838,funnyvideos
7567529156582313246,funnyvideos
7567529016484171038,funnyvideos
7567528842110192927,funnyvideos
7567528259164835103,funnyvideos
7567528201094712607,funnyvideos
7567528088477682999,funnyvideos
7567527662424444173,funnyvideos
7567527586750942478,funnyvideos
7567527009971096862,funnyvideos
7567526688888818975,funnyvideos
7567526251225763086,funnyvideos
7567526095306755341,funnyvideos
7567526022627855646,funnyvideos
7567525535497162014,funnyvideos
7567525343154769183,funnyvideos
7567524952820305207,funnyvideos
7578669967214660877,funnyvideos
7578669177603394847,funnyvideos
7578668797779840269,funnyvideos
7578666991616085262,funnyvideos
7578666268341964046,funnyvideos
7578665719013887262,funnyvideos
7578665269296483597,funnyvideos
7578662295979560205,funnyvideos
7578661636836232503,funnyvideos
7578661430551923981,funnyvideos
7578660589988334878,funnyvideos
7578659192085515533,funnyvideos
7578659134602562846,funnyvideos
7578659104005049613,funnyvideos
7578659042994785567,funnyvideos
7578657887430495502,funnyvideos
7578657622727888183,funnyvideos
7578657415785188638,funnyvideos
7578656954613026078,funnyvideos
7578656774648024333,funnyvideos
7578656710282202382,funnyvideos
7578656655437614367,funnyvideos
7578655641783274782,funnyvideos
7578655565711281421,funnyvideos
7578655412862373151,funnyvideos
7578655372106288397,funnyvideos
7578655185606544695,funnyvideos
7578654701986581790,funnyvideos
7578653778262379789,funnyvideos
7578652610492779807,funnyvideos
7590174749062417694,funnyvideos
7590174240347884830,funnyvideos
7590173334512340254,funnyvideos
7590172764305182007,funnyvideos
7590170201736351007,funnyvideos
7590168927599070495,funnyvideos
7590168798225861902,funnyvideos
7590168713224097054,funnyvideos
7590168158573513997,funnyvideos
7590168119629450526,funnyvideos
7590165785239227662,funnyvideos
7590165392505703711,funnyvideos
7590164683277995294,funnyvideos
7590163836703919390,funnyvideos
7590163420649884942,funnyvideos
7590162961893821727,funnyvideos
7590162783371627807,funnyvideos
7590162619038731550,funnyvideos
7590162461781724446,funnyvideos
7590162437085646110,funnyvideos
7590162411517119775,funnyvideos
7590160305431317791,funnyvideos
7590160238276398391,funnyvideos
7590160189718891789,funnyvideos
7590159718371380494,funnyvideos
7590159538909662494,funnyvideos
7590159313876847927,funnyvideos
7590159013384293645,funnyvideos
7590158983613205773,funnyvideos
7590158714343050527,funnyvideos
7601678397504261406,funnyvideos
7601676328642956575,funnyvideos
7601676238285032734,funnyvideos
7601676097310313759,funnyvideos
7601676027978321207,funnyvideos
7601674768663792927,funnyvideos
7601669368409230647,funnyvideos
7601666862463683871,funnyvideos
7601666763259989278,funnyvideos
7601665732446801182,funnyvideos
7601663513068670238,funnyvideos
7601663282637704479,funnyvideos
7601662003870059806,funnyvideos
7601661541246668063,funnyvideos
7601661305430265119,funnyvideos
7601661217647660319,funnyvideos
7601660372558302477,funnyvideos
7601660164248227102,funnyvideos
7601659844281601311,funnyvideos
7601659270135811358,funnyvideos
7601657948615576845,funnyvideos
7601657770164768013,funnyvideos
7601657660580121887,funnyvideos
7601657489918086430,funnyvideos
7601656878506003725,funnyvideos
7601656498820746509,funnyvideos
7601656224983059767,funnyvideos
7601655905746259214,funnyvideos
7601654960446557454,funnyvideos
7601654940825668878,funnyvideos
7567538353000795405,gaming
7567537801521122574,gaming
7567537372322155831,gaming
7567537274905234718,gaming
7567536938824109342,gaming
7567536890702744862,gaming
7567536887892626718,gaming
7567536730258165023,gaming
7567536528662990094,gaming
7567536134033542431,gaming
7567536084012354871,gaming
7567535886318030094,gaming
7567535761860463903,gaming
7567535731242011959,gaming
7567535074556661023,gaming
7567533162528541965,gaming
7567532960396643639,gaming
7567532389937827102,gaming
7567531764848135454,gaming
7567531644211547406,gaming
7567531628981947679,gaming
7567530806210546975,gaming
7567530799940046093,gaming
7567530563389721886,gaming
7567530066091969847,gaming
7567529887750163742,gaming
7567529536401755406,gaming
7567529280536628510,gaming
7567528332632411422,gaming
7567527956734659870,gaming
7578671637508214047,gaming
7578670743395896589,gaming
7578670635375725854,gaming
7578670396388494606,gaming
7578670368160795917,gaming
7578669591480634655,gaming
7578669468432321823,gaming
7578669076747128095,gaming
7578669034539994381,gaming
7578668987299499277,gaming
7578668724606045453,gaming
7578668657887202590,gaming
7578668481760054541,gaming
7578667695852244254,gaming
7578667565468192013,gaming
7578667379845041438,gaming
7578667257602051341,gaming
7578667115813670157,gaming
7578666177015123231,gaming
7578666161932356894,gaming
7578666144337333518,gaming
7578665999243693342,gaming
7578665955295808798,gaming
7578665709375327518,gaming
7578665253177658637,gaming
7578664894485089566,gaming
7578664878651542815,gaming
7578664605178744078,gaming
7578664323808087310,gaming
7578664124922596663,gaming
7590175281202203934,gaming
7590175215892581662,gaming
7590175158795521294,gaming
7590175058224581902,gaming
7590175046082022686,gaming
7590174827063938334,gaming
7590174341757668639,gaming
7590173807315389751,gaming
7590173208691756343,gaming
7590172972267343159,gaming
7590172897214352671,gaming
7590172823054781709,gaming
7590172519886359863,gaming
7590172154302336287,gaming
7590172056365370679,gaming
7590172033233767711,gaming
7590171985544482078,gaming
7590171737640226078,gaming
7590171652445506847,gaming
7590170890122333470,gaming
7590170650392775950,gaming
7590170530741783821,gaming
7590170188302044446,gaming
7590170112439684382,gaming
7590169873838247199,gaming
7590168816642952478,gaming
7590168431068990750,gaming
7590168284746485022,gaming
7590167674819267870,gaming
7590167668523683102,gaming
7601679140433055031,gaming
7601678996647972109,gaming
7601678974791503117,gaming
7601678768926674207,gaming
7601678478190120223,gaming
7601678076757560607,gaming
7601677760225955103,gaming
7601676843233692941,gaming
7601676829832858910,gaming
7601675991211199758,gaming
7601675935921753375,gaming
7601675656832748830,gaming
7601674980845178167,gaming
7601674807930866999,gaming
7601674795696049421,gaming
7601674296678731063,gaming
7601674270845996319,gaming
7601674247253036301,gaming
7601674177073958157,gaming
7601673871141424414,gaming
7601673832201506078,gaming
7601673783849585950,gaming
7601673658007850295,gaming
7601672844367514935,gaming
7601672682899262775,gaming
7601672668189936926,gaming
7601672121592335629,gaming
7601672012485954829,gaming
7601671979824860471,gaming
7601671909104733471,gaming
7567539234177862967,gym
7567538349628607757,gym
7567538140739636510,gym
7567537923730476301,gym
7567536586729033015,gym
7567536459113041166,gym
7567535718252301582,gym
7567535195876855071,gym
7567534534921588023,gym
7567532647619104055,gym
7567530077026520375,gym
7567530067933269279,gym
7567529840434367757,gym
7567528899194752286,gym
7567528724598361374,gym
7567528708009938207,gym
7567528656520678687,gym
7567527667298307359,gym
7567527409910697246,gym
7567527406131629343,gym
7567526695134088503,gym
7567524912852733215,gym
7567524901276355854,gym
7567524833148308791,gym
7567524596958727437,gym
7567524478020816183,gym
7567523790519831821,gym
7567522699795270925,gym
7567522298689867021,gym
7567521712560966967,gym
7578671790965214495,gym
7578671149631032589,gym
7578670948258172173,gym
7578669290258320654,gym
7578669088923323678,gym
7578669033860517150,gym
7578668980185910558,gym
7578668238742113549,gym
7578666335933173005,gym
7578665354155543838,gym
7578665032834108686,gym
7578664373225311501,gym
7578664273946201374,gym
7578664148775619853,gym
7578664034724023582,gym
7578663149558172942,gym
7578662587169099038,gym
7578662268779482399,gym
7578662135480339726,gym
7578661964730125581,gym
7578661905875684622,gym
7578661262121372942,gym
7578661240549952798,gym
7578661223785434382,gym
7578660904569507127,gym
7578660037971807502,gym
7578659945634204958,gym
7578659924696108343,gym
7578659765484604686,gym
7578659320884186398,gym
7590175493329030455,gym
7590175166441852174,gym
7590175007960091934,gym
7590174920139705614,gym
7590174652585037070,gym
7590174640115338527,gym
7590174353963207950,gym
7590174110903274782,gym
7590173890966555935,gym
7590173647780728119,gym
7590173523352522014,gym
7590172117639957791,gym
7590171874194148639,gym
7590171617758596382,gym
7590171614138961166,gym
7590171172319284493,gym
7590170844463238413,gym
7590170024719945015,gym
7590169523773328670,gym
7590169464826514718,gym
7590169115931790622,gym
7590168749399887134,gym
7590168595565497630,gym
7590168358947966221,gym
7590168127896309022,gym
7590168098406157598,gym
7590167927509339422,gym
7590167762530471182,gym
7590167290369281311,gym
7590166843881508127,gym
7601679532348771614,gym
7601678939198606606,gym
7601678820067822879,gym
7601678762488515895,gym
7601678665952333086,gym
7601678353677978935,gym
7601677487906622734,gym
7601677435804880183,gym
7601677073631005966,gym
7601676755706858782,gym
7601676485518314765,gym
7601676246321220919,gym
7601676047989361951,gym
7601676005245308190,gym
7601675962081692941,gym
7601675938207681805,gym
7601675780518677773,gym
7601675379442502943,gym
7601675091465735438,gym
7601674636606131486,gym
7601674377490451743,gym
7601674345949269262,gym
7601674113173736734,gym
7601674000233778446,gym
7601673739155148062,gym
7601673624369581325,gym
7601673309108849934,gym
7601672925573385485,gym
7601672627790433550,gym
7601672567111322893,gym
7567538955827055927,homedecor
7567535549758639391,homedecor
7567532390474714382,homedecor
7567527951827324191,homedecor
7567527662554598687,homedecor
7567524909652413709,homedecor
7567524323271953695,homedecor
7567519152936586527,homedecor
7567516443575602446,homedecor
7567515315433753887,homedecor
7567513748051594526,homedecor
7567513448624557342,homedecor
7567513315447033102,homedecor
7567512755024973087,homedecor
7567509119389764878,homedecor
7567505679221558541,homedecor
7567505308377943309,homedecor
7567502728541261111,homedecor
7567501834152054046,homedecor
7567500091158809887,homedecor
7567498507918052622,homedecor
7567497151819943181,homedecor
7567496878821002551,homedecor
7567493905592126750,homedecor
7567492430367296823,homedecor
7567491190845721870,homedecor
7567490011742883085,homedecor
7567489822806330679,homedecor
7567489201353116958,homedecor
7567488145747463437,homedecor
7578671580390100254,homedecor
7578671517932735775,homedecor
7578670919283920142,homedecor
7578669487927332126,homedecor
7578665720481910046,homedecor
7578665470400777503,homedecor
7578665437928410423,homedecor
7578664695633087758,homedecor
7578664271857454366,homedecor
7578664034694630669,homedecor
7578662876462812430,homedecor
7578662664071564599,homedecor
7578660371922259231,homedecor
7578660022234778910,homedecor
7578659560538377486,homedecor
7578659084958813454,homedecor
7578658553087429919,homedecor
7578656728879877406,homedecor
7578655944658128141,homedecor
7578654314311322894,homedecor
7578653913646140686,homedecor
7578653239885794590,homedecor
7578652309954104589,homedecor
7578650325616217374,homedecor
7578648478478306573,homedecor
7578646556249787678,homedecor
7578645621997915406,homedecor
7578645608081132830,homedecor
7578643959262514487,homedecor
7578643845299195191,homedecor
7590175250231414046,homedecor
7590174330852625695,homedecor
7590173436291353869,homedecor
7590172483265760543,homedecor
7590172236468751647,homedecor
7590172114464951582,homedecor
7590171922885905695,homedecor
7590171631666941214,homedecor
7590170547867110687,homedecor
7590167142738283806,homedecor
7590165424474557751,homedecor
7590165100217027871,homedecor
7590164510946692366,homedecor
7590162392210771231,homedecor
7590162354713791774,homedecor
7590161843717410078,homedecor
7590161638301420814,homedecor
7590160793354652958,homedecor
7590160295453068574,homedecor
7590159764550683935,homedecor
7590159020044946743,homedecor
7590157840384331038,homedecor
7590155310988332343,homedecor
7590154845839985951,homedecor
7590153170169515295,homedecor
7590152047115226398,homedecor
7590149692844035358,homedecor
7590149312630377758,homedecor
7590148686915620151,homedecor
7590147228921007373,homedecor
7601676980152552718,homedecor
7601676959076109598,homedecor
7601676816717204767,homedecor
7601676754494754078,homedecor
7601675273544699166,homedecor
7601674002129571103,homedecor
7601673687053503757,homedecor
7601673684713016589,homedecor
7601671631131413774,homedecor
7601671332295609613,homedecor
7601669579852582157,homedecor
7601669539167800607,homedecor
7601669207960472862,homedecor
7601668678123293966,homedecor
7601666968567041310,homedecor
7601666699472964877,homedecor
7601663644253818142,homedecor
7601663336387841294,homedecor
7601662813785935135,homedecor
7601662405847813431,homedecor
7601661831765118222,homedecor
7601660193948077325,homedecor
7601659997847686430,homedecor
7601659722818653453,homedecor
7601659699150228767,homedecor
7601658429052112141,homedecor
7601658296671489310,homedecor
7601657123033959693,homedecor
7601656211867454775,homedecor
7601655877912890679,homedecor
7567538811551468830,makeup
7567538740231458079,makeup
7567537729047727391,makeup
7567535948477533495,makeup
7567535521996721463,makeup
7567535403658415415,makeup
7567535378891132174,makeup
7567534880846908702,makeup
7567534487979003150,makeup
7567534218771827998,makeup
7567533817506958606,makeup
7567533717665631543,makeup
7567533528808705293,makeup
7567533039727791391,makeup
7567532646914428191,makeup
7567532354655341838,makeup
7567531610824822029,makeup
7567531192702995726,makeup
7567531079742082318,makeup
7567528169553628447,makeup
7567528019527568671,makeup
7567527632510668062,makeup
7567527316088278302,makeup
7567526872678927671,makeup
7567526369396133175,makeup
7567525516228562206,makeup
7567525192239484215,makeup
7567525046671920415,makeup
7567524818124410167,makeup
7567524154484722975,makeup
7578671414010596638,makeup
7578671209798290718,makeup
7578670819316960567,makeup
7578670793572289847,makeup
7578670701461228813,makeup
7578669949548285215,makeup
7578669862130683166,makeup
7578669763296021791,makeup
7578669656026713375,makeup
7578669168564735246,makeup
7578669088872926494,makeup
7578669078810758430,makeup
7578669021692742943,makeup
7578669004261281055,makeup
7578668363388423454,makeup
7578668261538041101,makeup
7578668097523961143,makeup
7578667739213057311,makeup
7578667259854327070,makeup
7578666510651034935,makeup
7578666488962370871,makeup
7578666346439806239,makeup
7578665996525784350,makeup
7578665662650912030,makeup
7578665442240171294,makeup
7578665011384470814,makeup
7578664923048185119,makeup
7578664479131471135,makeup
7578664402790960414,makeup
7578664204752735502,makeup
7590175437389597983,makeup
7590175317629750558,makeup
7590175149735857439,makeup
7590175148813061390,makeup
7590174912636079390,makeup
7590174801658989855,makeup
7590174653310602551,makeup
7590174462578822431,makeup
7590174245100080415,makeup
7590173707151166751,makeup
7590173696145378590,makeup
7590173431270771998,makeup
7590173243080789278,makeup
7590172730260016398,makeup
7590172200540458271,makeup
7590171876572417310,makeup
7590171482634898719,makeup
7590171426070498574,makeup
7590171277990595854,makeup
7590171253512752397,makeup
7590171094590508319,makeup
7590170916240362782,makeup
7590170827736304927,makeup
7590170300013104439,makeup
7590170284326391070,makeup
7590170173856845069,makeup
7590169875071520031,makeup
7590169317971414327,makeup
7590168790952955167,makeup
7590168728663313694,makeup
7601679489784974623,makeup
7601679178072739103,makeup
7601679134229564702,makeup
7601679041552223519,makeup
7601678672747089183,makeup
7601678614442134815,makeup
7601677739053108511,makeup
7601677414288133389,makeup
7601677396474891550,makeup
7601677208855334174,makeup
7601677093553868062,makeup
7601677041657711903,makeup
7601676931737619725,makeup
7601676806193712398,makeup
7601676423312477470,makeup
7601676009355693367,makeup
7601676001873038623,makeup
7601675987515870495,makeup
7601675963637812510,makeup
7601675896205872415,makeup
7601675391069179167,makeup
7601675112642923831,makeup
7601675106464615710,makeup
7601674896845966606,makeup
7601674765568462135,makeup
7601674734597688607,makeup
7601674709901511991,makeup
7601674572248796447,makeup
7601674462093659423,makeup
7601674275010940174,makeup
7567539021707021582,music
7567538906426527007,music
7567537852058193182,music
7567537298368187679,music
7567537295964884254,music
7567537192063569165,music
7567536218288803085,music
7567535916399463711,music
7567535599284931870,music
7567535029786545463,music
7567534292176325919,music
7567533883252559159,music
7567533714276764959,music
7567533433312873741,music
7567533175614819614,music
7567532960648318238,music
7567532556581637389,music
7567532392630570254,music
7567532311487581454,music
7567531407753432333,music
7567531160998317326,music
7567529540101115167,music
7567529420135648543,music
7567529392214183181,music
7567529339269434637,music
7567529331510070558,music
7567529183254039838,music
7567528842110192927,music
7567528259164835103,music
7567528154336595230,music
7578671406393642271,music
7578670977563757855,music
7578670764975508766,music
7578670559270063374,music
7578670415124516110,music
7578670192071396621,music
7578668935982238990,music
7578668076648893710,music
7578667507662212383,music
7578667387474464013,music
7578667310995590413,music
7578667288849567031,music
7578667134306258206,music
7578667005436267790,music
7578666628028583199,music
7578666215929941279,music
7578665882541378830,music
7578665710432308511,music
7578665498775129374,music
7578665207619177758,music
7578665078296284429,music
7578664927850728718,music
7578664868585147678,music
7578664855314386231,music
7578664822254865695,music
7578664733218327838,music
7578664722803723575,music
7578664632538123551,music
7578664196448062734,music
7578664178035068174,music
7590174546162928927,music
7590174521831804190,music
7590174013834497311,music
7590173895332859167,music
7590173527337078071,music
7590173323875732749,music
7590173252899605790,music
7590172659728534798,music
7590172544884280607,music
7590171825187966239,music
7590170771943738637,music
7590170344758070583,music
7590170173634612511,music
7590170087877872927,music
7590169724172930359,music
7590169406672506167,music
7590169345003736350,music
7590169342512237837,music
7590169106737876255,music
7590168465768451358,music
7590167658310503694,music
7590167556103720247,music
7590167488793464094,music
7590167399979126046,music
7590167078485773582,music
7590166971937869087,music
7590166950211341582,music
7590166525949103390,music
7590166500695182622,music
7590165741358288159,music
7601679450610191630,music
7601679416543956238,music
7601679162520194359,music
7601678846018014494,music
7601678823322635533,music
7601677218816855309,music
7601677137225125175,music
7601676447849123103,music
7601675851234594062,music
7601675741792619806,music
7601675699878956319,music
7601675403769416991,music
7601675133979348238,music
7601674890122415390,music
7601674698467953933,music
7601674346309897503,music
7601674262683979038,music
7601674227263049015,music
7601673233712090423,music
7601673220068085023,music
7601672566914288927,music
7601672272990014734,music
7601671345088351543,music
7601671343674789133,music
7601671288045735223,music
7601671196119158046,music
7601670771441782046,music
7601670604332322103,music
7601669837135318303,music
7601669715349605662,music
7567539047132843319,skincare
7567538940790459662,skincare
7567538173677473038,skincare
7567537920010226974,skincare
7567536840685751582,skincare
7567536767394467127,skincare
7567536683189636366,skincare
7567536245371374903,skincare
7567536066777861389,skincare
7567535740087700791,skincare
7567535656596016397,skincare
7567534984085523743,skincare
7567534373323492622,skincare
7567534074881903885,skincare
7567534067722243383,skincare
7567533916635090231,skincare
7567531425352699167,skincare
7567530998611643703,skincare
7567530156881874231,skincare
7567530123260366093,skincare
7567529952283872526,skincare
7567529091264498957,skincare
7567528824674503966,skincare
7567528043661659422,skincare
7567527740006518047,skincare
7567527507604294926,skincare
7567526799383530766,skincare
7567526794455223607,skincare
7567526607821344055,skincare
7567526151178964279,skincare
7578671651743747359,skincare
7578671616234769678,skincare
7578671493836557599,skincare
7578671209798290718,skincare
7578670842897354015,skincare
7578670773892599054,skincare
7578670678874918158,skincare
7578670661166583054,skincare
7578670599837469983,skincare
7578670461089828127,skincare
7578670336598691127,skincare
7578670165097778463,skincare
7578669767171591438,skincare
7578669621729938719,skincare
7578669284914711839,skincare
7578668574575725879,skincare
7578668249324211511,skincare
7578667803750698270,skincare
7578667799891954974,skincare
7578667779251866911,skincare
7578667694187171102,skincare
7578667666412457229,skincare
7578667596782816542,skincare
7578667087158054175,skincare
7578666824057851166,skincare
7578666571883679007,skincare
7578666549104414007,skincare
7578666524169276685,skincare
7578666358049672478,skincare
7578666243113176351,skincare
7590175234284686622,skincare
7590175222452538654,skincare
7590175017288174879,skincare
7590173881994874143,skincare
7590173257744043295,skincare
7590173000801062157,skincare
7590172915216190734,skincare
7590172777441676557,skincare
7590172659858640159,skincare
7590172644700359967,skincare
7590172425929624863,skincare
7590172413720153375,skincare
7590172045518851358,skincare
7590171635525717261,skincare
7590171169702169911,skincare
7590170923580378398,skincare
7590170767590018335,skincare
7590170752993742135,skincare
7590170553093311775,skincare
7590170060224744718,skincare
7590169975810264350,skincare
7590169947125419295,skincare
7590169767885933854,skincare
7590169682351525151,skincare
7590169226472721677,skincare
7590169173683080479,skincare
7590168553240661278,skincare
7590168431106870583,skincare
7590168367269465374,skincare
7590168239884340510,skincare
7601679222930754846,skincare
7601679068387364127,skincare
7601679015086263566,skincare
7601678971398360375,skincare
7601678863919222047,skincare
7601678724777397559,skincare
7601678574604586271,skincare
7601678475480583437,skincare
7601678416265432351,skincare
7601678412142415159,skincare
7601678376297843998,skincare
7601678284882971917,skincare
7601678283985521951,skincare
7601678159586659614,skincare
7601678009233345822,skincare
7601677548195564855,skincare
7601677226580380959,skincare
7601677117285240077,skincare
7601676998615780639,skincare
7601676786061151519,skincare
7601676422674959647,skincare
7601676143053360415,skincare
7601675208868646174,skincare
7601675106464615710,skincare
7601675097681792311,skincare
7601674603852844343,skincare
7601674593274826014,skincare
7601674532709092621,skincare
7601674283760258359,skincare
7601674240277925175,skincare
7567538285661146398,strangerthings
7567526960625126711,strangerthings
7567526587785121054,strangerthings
7567525726128262455,strangerthings
7567524894733323533,strangerthings
7567524816534752542,strangerthings
7567524121278418207,strangerthings
7567523342454934798,strangerthings
7567521522886216991,strangerthings
7567520879157071135,strangerthings
7567520136500940087,strangerthings
7567518122165456142,strangerthings
7567517873258745119,strangerthings
7567515751276498189,strangerthings
7567515172894526733,strangerthings
7567512756769869087,strangerthings
7567511824476785950,strangerthings
7567507763300027661,strangerthings
7567507374941080863,strangerthings
7567506361303436557,strangerthings
7567501382538759437,strangerthings
7567499637339278623,strangerthings
7567498553082318110,strangerthings
7567497801169440014,strangerthings
7567497495454977311,strangerthings
7567494801348726029,strangerthings
7567492698429492493,strangerthings
7567492129392495885,strangerthings
7567491275822239007,strangerthings
7567490050418625847,strangerthings
7578671241389821214,strangerthings
7578670127277821214,strangerthings
7578668970643885343,strangerthings
7578668904545864991,strangerthings
7578668289451248951,strangerthings
7578667803448839479,strangerthings
7578667258205965581,strangerthings
7578666985622342925,strangerthings
7578666245457841438,strangerthings
7578666095083539742,strangerthings
7578665222844534071,strangerthings
7578664903968361783,strangerthings
7578664658345676062,strangerthings
7578664268082482446,strangerthings
7578663953245408543,strangerthings
7578663862627601719,strangerthings
7578663639985458462,strangerthings
7578663530367372575,strangerthings
7578663150636125454,strangerthings
7578663144273235230,strangerthings
7578662933182401823,strangerthings
7578662504381910285,strangerthings
7578662477383142669,strangerthings
7578662432323767565,strangerthings
7578662380754734349,strangerthings
7578661581043551502,strangerthings
7578660970092891406,strangerthings
7578660922869222686,strangerthings
7578660811476946190,strangerthings
7578660605263957279,strangerthings
7590174869870890271,strangerthings
7590174834202594573,strangerthings
7590174552940891423,strangerthings
7590174452151766285,strangerthings
7590173999968111902,strangerthings
7590173936617377054,strangerthings
7590173889599245581,strangerthings
7590173746812456223,strangerthings
7590173281815170335,strangerthings
7590173236231425293,strangerthings
7590172968563608863,strangerthings
7590172847482473783,strangerthings
7590172818722016526,strangerthings
7590172477578333470,strangerthings
7590172362692185358,strangerthings
7590172221587377439,strangerthings
7590172134853348639,strangerthings
7590171735031303438,strangerthings
7590171715704032543,strangerthings
7590170970602605837,strangerthings
7590170779669581086,strangerthings
7590170661809556767,strangerthings
7590170550094384397,strangerthings
7590170258808245517,strangerthings
7590169832155352334,strangerthings
7590169788773698829,strangerthings
7590169724265319693,strangerthings
7590169597949545783,strangerthings
7590169567285054750,strangerthings
7590169446639996190,strangerthings
7601673836202954039,strangerthings
7601670744015228191,strangerthings
7601670032141126967,strangerthings
7601669670420237581,strangerthings
7601669022324673806,strangerthings
7601668350275554591,strangerthings
7601668167613549879,strangerthings
7601666773670300983,strangerthings
7601666755320139021,strangerthings
7601666637338578206,strangerthings
7601665850172607774,strangerthings
7601665199862549773,strangerthings
7601662581937278263,strangerthings
7601661261364890894,strangerthings
7601658918061739319,strangerthings
7601658881235864845,strangerthings
7601658106401131831,strangerthings
7601656503786917175,strangerthings
7601656465966828814,strangerthings
7601655484080278815,strangerthings
7601652891274808606,strangerthings
7601650881867681079,strangerthings
7601650393097047351,strangerthings
7601649657328061751,strangerthings
7601649582132579614,strangerthings
7601647098869714190,strangerthings
7601646285342444855,strangerthings
7601646020300164382,strangerthings
7601645504635735310,strangerthings
7601645072517532941,strangerthings
7567538735269596430,tech
7567538620790295863,tech
7567538353432792375,tech
7567537274905234718,tech
7567536772591209758,tech
7567528375523216671,tech
7567528113861610807,tech
7567522443825302814,tech
7567522323935333645,tech
7567520030254992653,tech
7567516143968079159,tech
7567512939138206989,tech
7567512734691036446,tech
7567512718383533367,tech
7567511034890652942,tech
7567510461843836190,tech
7567509200562146574,tech
7567506224065809678,tech
7567505915432193310,tech
7567501453649055006,tech
7567500334441008397,tech
7567499641613290782,tech
7567498095039221006,tech
7567493932418993439,tech
7567493835006250295,tech
7567492772031106318,tech
7567492254936337695,tech
7567490494876421389,tech
7567489408232918303,tech
7567488993579797773,tech
7578666935206956319,tech
7578664878651542815,tech
7578664340493061407,tech
7578664106312387871,tech
7578662864777448718,tech
7578662374455069982,tech
7578661194500705567,tech
7578657940404555022,tech
7578657518314900766,tech
7578657483267247373,tech
7578650697953021215,tech
7578649502370794766,tech
7578647939610840334,tech
7578647882975202591,tech
7578643956863356173,tech
7578643170699906318,tech
7578641438091595038,tech
7578641398287568159,tech
7578640569128193310,tech
7578640135508528397,tech
7578639905186729247,tech
7578639871175101709,tech
7578636100600597774,tech
7578635979758521614,tech
7578635357265136910,tech
7578634127411399991,tech
7578629525613956365,tech
7578628050242309389,tech
7578620190460529950,tech
7578619591148965150,tech
7590175424496422174,tech
7590174419360746807,tech
7590173333417708830,tech
7590168553295203615,tech
7590168050805083405,tech
7590166999628614942,tech
7590166384051522829,tech
7590165224414661918,tech
7590164740312141086,tech
7590161722204278046,tech
7590158718742875423,tech
7590158662614748447,tech
7590156708178103565,tech
7590154541702696206,tech
7590150893371280653,tech
7590149263062043918,tech
7590148499707071775,tech
7590147445359725855,tech
7590145601094913310,tech
7590142333312666894,tech
7590141307700432158,tech
7590140466281090318,tech
7590135847677087006,tech
7590132695372533006,tech
7590132240118598967,tech
7590127957406911757,tech
7590122277212032269,tech
7590121329831988511,tech
7590119729176579359,tech
7590119352846896398,tech
7601676804394355999,tech
7601676447849123103,tech
7601674959009664287,tech
7601674473556725047,tech
7601674262683979038,tech
7601673982605118750,tech
7601673659731807543,tech
7601671946270510366,tech
7601671873524419871,tech
7601669462022016311,tech
7601669262373178654,tech
7601668955010354463,tech
7601665038713146637,tech
7601664809683258654,tech
7601664627620973855,tech
7601661927088983327,tech
7601658735160806711,tech
7601658703846051102,tech
7601655936612224311,tech
7601655603093638455,tech
7601654845191245070,tech
7601654347092528397,tech
7601652573354970398,tech
7601652510616554807,tech
7601652147633032479,tech
7601650100301057310,tech
7601649605981392159,tech
7601648611503410462,tech
7601646016974048526,tech
7601645654930197791,tech
7567539052115692831,travel
7567537457281895694,travel
7567536876236688670,travel
7567536075523067166,travel
7567533937686220046,travel
7567533552401665311,travel
7567533134800063799,travel
7567533085005253918,travel
7567531844565093645,travel
7567530497631456525,travel
7567528533728251149,travel
7567526674540088590,travel
7567526550187412766,travel
7567525883708280095,travel
7567525038027443469,travel
7567524137153973534,travel
7567524065364200717,travel
7567521614091308302,travel
7567521548970511647,travel
7567521231910571295,travel
7567521116403633463,travel
7567520277580582157,travel
7567518851353677069,travel
7567518275563752734,travel
7567517978972015903,travel
7567517796322528567,travel
7567517765150559543,travel
7567517403886685470,travel
7567517367920528671,travel
7567517129617001759,travel
7578671737898798391,travel
7578671285400603917,travel
7578670898228645151,travel
7578670812799044894,travel
7578670221335006495,travel
7578670154502999309,travel
7578669372047232286,travel
7578669043389844767,travel
7578668673393495309,travel
7578668452265610509,travel
7578667840127929631,travel
7578667820200873229,travel
7578666204617903390,travel
7578665959171394847,travel
7578665500427734302,travel
7578665302687272222,travel
7578665139520523550,travel
7578665075423202590,travel
7578665029587848478,travel
7578664740814212382,travel
7578664456570342687,travel
7578664238449839391,travel
7578664111387512077,travel
7578663799209741599,travel
7578663430387682591,travel
7578662555690781983,travel
7578661985303268663,travel
7578661644654349623,travel
7578661130747284767,travel
7578661009175350541,travel
7590175283689426207,travel
7590175241113062686,travel
7590175012833873182,travel
7590174793735982367,travel
7590174782407134495,travel
7590173010858872095,travel
7590172319415356702,travel
7590172174699253047,travel
7590172017534536974,travel
7590171882834513182,travel
7590171723832544526,travel
7590171627573316877,travel
7590171590617255182,travel
7590171536024243487,travel
7590170129443458318,travel
7590169689062526263,travel
7590169627347422519,travel
7590168926093348151,travel
7590168759743155487,travel
7590168640243174669,travel
7590168398550666527,travel
7590168113363029279,travel
7590167970962263310,travel
7590167834928418103,travel
7590167300775496991,travel
7590166988698193183,travel
7590166667498425630,travel
7590166485780172062,travel
7590165557194902814,travel
7590164506635062558,travel
7601679356846722318,travel
7601678810370657591,travel
7601678479838432526,travel
7601678314247441719,travel
7601678256118517023,travel
7601678087146802487,travel
7601677779658149150,travel
7601677548195564855,travel
7601677514305572127,travel
7601676759968304397,travel
7601675810885356813,travel
7601674995357601038,travel
7601674865870998815,travel
7601674344774798623,travel
7601674182891523341,travel
7601674011243711774,travel
7601673573471620383,travel
7601672426761571597,travel
7601671614970858807,travel
7601671289950031118,travel
7601671047380847902,travel
7601670762717580575,travel
7601670583138520351,travel
7601670023798672654,travel
7601669696571641102,travel
7601669631887019294,travel
7601669167598570782,travel
7601668855362112799,travel
7601668507494829326,travel
7601668248718888206,travel
7567538557250735373,wealth
7567536798763584781,wealth
7567534730095103287,wealth
7567534024319651102,wealth
7567533072267152671,wealth
7567532380727168269,wealth
7567532333725682999,wealth
7567531853482085687,wealth
7567530717748497695,wealth
7567526166563671310,wealth
7567525866016623902,wealth
7567524402175151374,wealth
7567522429728214327,wealth
7567520538558582047,wealth
7567519751077907726,wealth
7567519649290538253,wealth
7567519623701155102,wealth
7567512346994691358,wealth
7567510115583085855,wealth
7567508340348063031,wealth
7567505910789295390,wealth
7567503428147072270,wealth
7567503252497927454,wealth
7567502613206387998,wealth
7567501549107154207,wealth
7567501190641044767,wealth
7567500265310539039,wealth
7567498928086650143,wealth
7567498170553453879,wealth
7567496579574287647,wealth
7578669109068434701,wealth
7578668332031675679,wealth
7578661411644116237,wealth
7578660965584080141,wealth
7578660253831662879,wealth
7578660076303551775,wealth
7578659755065937183,wealth
7578659641446436109,wealth
7578657927263784223,wealth
7578656000790613303,wealth
7578652178118708494,wealth
7578650133437500685,wealth
7578635710551444749,wealth
7578625574000692511,wealth
7578625280353307959,wealth
7578622508581031198,wealth
7578620688928476429,wealth
7578618592992742669,wealth
7578618114183630093,wealth
7578618093790891294,wealth
7578613332836502814,wealth
7578612366003178782,wealth
7578607137782254862,wealth
7578600656357870903,wealth
7578600399511293197,wealth
7578600308507446542,wealth
7578600218531237133,wealth
7578597386990161207,wealth
7578597230022626573,wealth
7578588812364860727,wealth
7590173892996533535,wealth
7590171376393178381,wealth
7590167124694404366,wealth
7590161378334362894,wealth
7590161339163659551,wealth
7590160118138932494,wealth
7590156316534918455,wealth
7590155560029343031,wealth
7590150452587646238,wealth
7590148003172748575,wealth
7590146984938376503,wealth
7590145770469248311,wealth
7590144512400297271,wealth
7590144420356427038,wealth
7590142774633172279,wealth
7590142007696231710,wealth
7590140784171617566,wealth
7590139467382508813,wealth
7590138116778806541,wealth
7590138031231847735,wealth
7590134917753752845,wealth
7590133371313851678,wealth
7590119831957933326,wealth
7590119499014130958,wealth
7590119436015635742,wealth
7590118695653985567,wealth
7590115741043592479,wealth
7590111287208660254,wealth
7590109784565714190,wealth
7590107516663565599,wealth
7601675534224887070,wealth
7601674156408638775,wealth
7601670315390897439,wealth
7601664456661241102,wealth
7601663156603079991,wealth
7601657335647341879,wealth
7601653352241384735,wealth
7601651531590552887,wealth
7601650753761021215,wealth
7601640017668148494,wealth
7601639787803593998,wealth
7601639563747937549,wealth
7601638853467835679,wealth
7601634995974802719,wealth
7601634159055981838,wealth
7601630611509431582,wealth
7601630344030194974,wealth
7601628567344106782,wealth
7601628220483538206,wealth
7601627945634991374,wealth
7601624841166408974,wealth
7601624715156868407,wealth
7601624019313495327,wealth
7601616277076987166,wealth
7601614322137058573,wealth
7601609967417773326,wealth
7601608881223060767,wealth
7601606473273068813,wealth
7601605548248763703,wealth
7601598272993594679,wealth
